ID,ProjectID,BugFixingCommit,CommitURL,BuggyCommitID,RepairedCommitID,Class,Method,Cluster,ModifiedStatementCount,METHOD:METHOD_CALL:INSERTED:global:slice,CLASS:METHOD_CALL:INSERTED:global:Array,METHOD:METHOD_CALL:INSERTED:global:getUTCMinutes,CLASS:METHOD_CALL:INSERTED:global:Date,CLASS:METHOD_CALL:REMOVED:global:Date,RESERVED:CONDITION:INSERTED:global:falsey,RESERVED:CONDITION:REMOVED:global:falsey,RESERVED:CONDITION:UPDATED:global:falsey,METHOD:METHOD_CALL:INSERTED:global:replace,METHOD:METHOD_CALL:REMOVED:global:replace,METHOD:METHOD_CALL:INSERTED:global:pop,METHOD:METHOD_CALL:REMOVED:global:map,METHOD:METHOD_CALL:INSERTED:global:call,METHOD:METHOD_CALL:INSERTED:global:trim,METHOD:METHOD_CALL:INSERTED:global:getUTCMonth,METHOD:METHOD_CALL:INSERTED:global:getUTCDate,CLASS:METHOD_CALL:INSERTED:global:JSON,CLASS:METHOD_CALL:REMOVED:global:JSON,CLASS:METHOD_CALL:UPDATED:global:JSON,METHOD:METHOD_CALL:INSERTED:global:indexOf,METHOD:METHOD_CALL:REMOVED:global:indexOf,CLASS:METHOD_CALL:INSERTED:global:Object,FIELD:CONDITION:INSERTED:global:message,FIELD:EXPRESSION:INSERTED:global:message,FIELD:ASSIGNMENT_RHS:INSERTED:global:message,METHOD:METHOD_CALL:INSERTED:global:stringify,METHOD:METHOD_CALL:REMOVED:global:stringify,METHOD:METHOD_CALL:UPDATED:global:stringify,METHOD:METHOD_CALL:INSERTED:global:toString,METHOD:METHOD_CALL:REMOVED:global:toString,METHOD:METHOD_CALL:UPDATED:global:parse,METHOD:METHOD_CALL:REMOVED:global:parse,METHOD:METHOD_CALL:INSERTED:global:parse,RESERVED:CONDITION:INSERTED:global:typeof,RESERVED:CONDITION:REMOVED:global:typeof,RESERVED:CONDITION:UPDATED:global:typeof,METHOD:METHOD_CALL:INSERTED:global:push,METHOD:METHOD_CALL:REMOVED:global:push,RESERVED:ARGUMENT:INSERTED:global:arguments,RESERVED:ASSIGNMENT_LHS:INSERTED:global:arguments,RESERVED:ASSIGNMENT_RHS:INSERTED:global:arguments,METHOD:METHOD_CALL:INSERTED:global:keys,RESERVED:CONDITION:REMOVED:global:eq,RESERVED:CONDITION:INSERTED:global:eq,RESERVED:CONDITION:UPDATED:global:eq,RESERVED:STATEMENT:INSERTED:global:var,RESERVED:STATEMENT:UPDATED:global:var,RESERVED:STATEMENT:UPDATED:global:return,RESERVED:STATEMENT:REMOVED:global:var,RESERVED:STATEMENT:REMOVED:global:return,RESERVED:STATEMENT:INSERTED:global:return,RESERVED:CONDITION:INSERTED:global:return,RESERVED:STATEMENT:REMOVED:global:break,RESERVED:STATEMENT:INSERTED:global:break,METHOD:METHOD_CALL:INSERTED:global:split,METHOD:METHOD_CALL:UPDATED:global:split,RESERVED:METHOD_CALL:INSERTED:global:eval,METHOD:METHOD_CALL:REMOVED:global:search,METHOD:METHOD_CALL:INSERTED:global:search,RESERVED:ASSIGNMENT_RHS:INSERTED:global:false,RESERVED:CONDITION:REMOVED:global:false,RESERVED:CONDITION:INSERTED:global:false,RESERVED:ASSIGNMENT_RHS:REMOVED:global:false,RESERVED:ARGUMENT:INSERTED:global:false,METHOD:METHOD_CALL:INSERTED:global:forEach,RESERVED:CONDITION:UPDATED:global:sheq,RESERVED:CONDITION:INSERTED:global:sheq,RESERVED:CONDITION:REMOVED:global:sheq,RESERVED:ASSIGNMENT_RHS:INSERTED:global:true,RESERVED:CONDITION:INSERTED:global:true,RESERVED:ARGUMENT:REMOVED:global:true,RESERVED:ASSIGNMENT_RHS:REMOVED:global:true,RESERVED:CONDITION:REMOVED:global:true,RESERVED:ARGUMENT:INSERTED:global:true,METHOD:METHOD_CALL:UPDATED:global:concat,METHOD:METHOD_CALL:INSERTED:global:concat,RESERVED:ASSIGNMENT_LHS:INSERTED:global:this,RESERVED:ARGUMENT:INSERTED:global:this,RESERVED:METHOD_CALL:INSERTED:global:this,RESERVED:ASSIGNMENT_RHS:INSERTED:global:this,METHOD:METHOD_CALL:INSERTED:global:isNaN,METHOD:METHOD_CALL:REMOVED:global:isNaN,RESERVED:METHOD_CALL:REMOVED:global:static,RESERVED:VARIABLE_DECLARATION:INSERTED:global:static,RESERVED:METHOD_CALL:INSERTED:global:static,METHOD:METHOD_CALL:INSERTED:global:match,METHOD:METHOD_CALL:REMOVED:global:match,METHOD:METHOD_CALL:UPDATED:global:match,RESERVED:STATEMENT:INSERTED:global:try,RESERVED:STATEMENT:REMOVED:global:try,FIELD:ASSIGNMENT_RHS:INSERTED:global:name,FIELD:METHOD_CALL:INSERTED:global:name,FIELD:EXPRESSION:INSERTED:global:name,FIELD:CONDITION:REMOVED:global:name,FIELD:EXPRESSION:REMOVED:global:name,FIELD:CONDITION:INSERTED:global:name,METHOD:METHOD_CALL:INSERTED:global:getUTCHours,METHOD:METHOD_CALL:INSERTED:global:sort,METHOD:METHOD_CALL:INSERTED:global:parseInt,METHOD:METHOD_CALL:REMOVED:global:parseInt,RESERVED:ARGUMENT:INSERTED:global:null,RESERVED:CONDITION:INSERTED:global:null,RESERVED:ASSIGNMENT_RHS:REMOVED:global:null,FIELD:EXPRESSION:REMOVED:global:length,FIELD:CONDITION:REMOVED:global:length,RESERVED:CONDITION:REMOVED:global:null,FIELD:CONDITION:INSERTED:global:length,FIELD:EXPRESSION:INSERTED:global:length,FIELD:ASSIGNMENT_RHS:REMOVED:global:length,FIELD:ASSIGNMENT_RHS:INSERTED:global:length,FIELD:METHOD_CALL:REMOVED:global:length,RESERVED:ARGUMENT:REMOVED:global:null,RESERVED:ASSIGNMENT_RHS:INSERTED:global:null,METHOD:METHOD_CALL:INSERTED:global:max,METHOD:METHOD_CALL:INSERTED:global:getUTCSeconds,RESERVED:ARGUMENT:REMOVED:global:error,RESERVED:ARGUMENT:INSERTED:global:error,RESERVED:PARAMETER_DECLARATION:INSERTED:global:error,RESERVED:CONDITION:INSERTED:global:error,RESERVED:ASSIGNMENT_LHS:REMOVED:global:error,RESERVED:EXPRESSION:UPDATED:global:error,RESERVED:EXPRESSION:REMOVED:global:error,RESERVED:CONDITION:REMOVED:global:error,RESERVED:EXPRESSION:INSERTED:global:error,RESERVED:ASSIGNMENT_RHS:REMOVED:global:error,RESERVED:ASSIGNMENT_LHS:UPDATED:global:error,RESERVED:PARAMETER_DECLARATION:REMOVED:global:error,RESERVED:METHOD_CALL:INSERTED:global:error,RESERVED:METHOD_CALL:REMOVED:global:error,RESERVED:ASSIGNMENT_LHS:INSERTED:global:error,RESERVED:VARIABLE_DECLARATION:INSERTED:global:error,RESERVED:EXCEPTION_CATCH:INSERTED:global:error,RESERVED:VARIABLE_DECLARATION:REMOVED:global:error,RESERVED:ASSIGNMENT_RHS:INSERTED:global:error,RESERVED:ASSIGNMENT_RHS:UPDATED:global:error,METHOD:METHOD_CALL:INSERTED:global:hasOwnProperty,RESERVED:STATEMENT:UPDATED:global:new,RESERVED:STATEMENT:INSERTED:global:new,RESERVED:STATEMENT:REMOVED:global:new,RESERVED:METHOD_CALL:INSERTED:global:callback,RESERVED:PARAMETER_DECLARATION:INSERTED:global:callback,RESERVED:METHOD_CALL:REMOVED:global:callback,RESERVED:ARGUMENT:INSERTED:global:callback,RESERVED:CONDITION:INSERTED:global:callback,RESERVED:CONDITION:REMOVED:global:callback,RESERVED:PARAMETER_DECLARATION:REMOVED:global:callback,METHOD:METHOD_CALL:INSERTED:global:exec,CLASS:METHOD_CALL:INSERTED:global:Math,METHOD:METHOD_CALL:INSERTED:global:filter,METHOD:METHOD_CALL:REMOVED:global:filter,RESERVED:CONDITION:INSERTED:global:undefined,RESERVED:CONDITION:REMOVED:global:undefined
76,BUG_FIX,mediacenterjs,https://github.com/jansmolders86/mediacenterjs/commit/b44a672d6ab915dd2e2749d1a0bd9674c6322357,f462881677f4bcb9ed0863e3b70efd6e4eba2321,b44a672d6ab915dd2e2749d1a0bd9674c6322357,'\'ClassNA\'','\'MethodNA\'',cluster10,0.2,0,0,0,0,0,0,0,0,0,0,0,0,0,0,0,0,0,0,0,0,0,0,0,0,0,0,0,0,0,0,0,0,0,0,0,0,0,0,0,0,0,0,0,0,0,0,0,0,0,0,0,0,0,0,0,0,0,0,0,0,0,0,0,0,0,0,0,0,1,0,0,0,0,0,0,0,0,0,0,0,0,0,0,0,0,0,0,0,0,0,0,0,0,0,0,0,0,0,0,0,0,0,0,0,0,0,0,0,0,0,0,0,0,0,0,0,0,0,0,0,0,0,0,0,0,0,0,0,0,0,0,0,0,0,0,0,0,0,0,0,0,0,0,0,0,0,0,0,0,0,0,0
187,BUG_FIX,mediacenterjs,https://github.com/jansmolders86/mediacenterjs/commit/d247937f9f24ba2537ffe4cb95790795c983f583,0541a8704b2596f1b9993324ca6759799e75b0c2,d247937f9f24ba2537ffe4cb95790795c983f583,'\'ClassNA\'','\'MethodNA\'',cluster1,0.2,0,0,0,0,0,0,0,0,0,0,0,0,0,0,0,0,0,0,0,0,0,0,0,0,0,0,0,0,0,0,0,0,0,0,0,0,0,0,0,0,0,0,0,0,0,0,0,0,0,0,0,0,0,0,0,0,0,0,0,0,0,0,0,0,0,0,1,0,0,0,0,0,0,0,0,0,0,0,0,0,0,0,0,0,0,0,0,0,0,0,0,0,0,0,0,0,0,0,0,0,0,0,0,0,0,0,0,0,0,0,0,0,0,0,0,0,0,0,0,0,0,0,0,0,0,0,0,0,0,0,0,0,0,0,0,0,0,0,0,0,0,0,0,0,0,0,0,0,0,0,0,0
284,OTHER,mediacenterjs,https://github.com/jansmolders86/mediacenterjs/commit/3b1ae309a9e545c0a19ea27547c5f36ffa9db402,1523a0037af7e8926e0690b0f6702534622c0645,3b1ae309a9e545c0a19ea27547c5f36ffa9db402,'\'ClassNA\'','\'MethodNA\'',cluster1,0.2,0,0,0,0,0,0,0,0,0,0,0,0,0,0,0,0,0,0,0,0,0,0,0,0,0,0,0,0,0,0,0,0,0,0,0,0,0,0,0,0,0,0,0,0,0,0,0,0,0,0,0,0,0,0,0,0,0,0,0,0,0,0,0,0,0,0,1,0,0,0,0,0,0,0,0,0,0,0,0,0,0,0,0,0,0,0,0,0,0,0,0,0,0,0,0,0,0,0,0,0,0,0,0,0,0,0,0,0,0,0,0,0,0,0,0,0,0,0,0,0,0,0,0,0,0,0,0,0,0,0,0,0,0,0,0,0,0,0,0,0,0,0,0,0,0,0,0,0,0,0,0,0
344,OTHER,mediacenterjs,https://github.com/jansmolders86/mediacenterjs/commit/dc802548e17b00c4d3fd6305eda479cb8c43cfb7,eb9819e9c476dddb4efa5827f642073e2386c265,dc802548e17b00c4d3fd6305eda479cb8c43cfb7,'\'ClassNA\'','\'MethodNA\'',cluster5,0.2,0,0,0,0,0,0,0,0,0,0,0,0,0,0,0,0,0,0,0,0,0,0,0,0,0,0,0,0,0,0,0,0,0,1,0,0,0,0,0,0,0,0,0,0,0,0,0,0,0,0,0,0,0,0,0,0,0,0,0,0,0,0,0,0,0,0,0,0,0,0,0,0,0,0,0,0,0,0,0,0,0,0,0,0,0,0,0,0,0,0,0,0,0,0,0,0,0,0,0,0,0,0,0,0,0,0,0,0,0,0,0,0,0,0,0,0,0,0,0,0,0,0,0,0,0,0,0,0,0,0,0,0,0,0,0,0,0,0,0,0,0,0,0,0,0,0,0,0,0,0,1,0
391,OTHER,mediacenterjs,https://github.com/jansmolders86/mediacenterjs/commit/8f770260009183fb448245f1528049f239d82d59,598ab2a2a0132f60f65bfa67384ea769e2388d3e,8f770260009183fb448245f1528049f239d82d59,'\'ClassNA\'','\'MethodNA\'',cluster3,0.2,0,0,0,0,0,1,0,0,0,0,0,0,0,0,0,0,0,0,0,0,0,0,0,0,0,0,0,0,0,0,0,0,0,0,0,0,0,0,0,0,0,0,0,0,0,0,0,0,0,0,0,0,0,0,0,0,0,0,0,0,0,0,0,0,0,0,0,0,0,0,0,0,0,0,0,0,0,0,0,0,0,0,0,0,0,0,0,0,0,0,0,0,0,0,0,0,0,0,0,0,0,0,0,0,0,0,0,0,0,0,0,0,0,0,0,0,0,0,0,0,0,0,0,0,0,0,0,0,0,0,0,0,0,0,0,0,0,0,0,0,0,0,0,0,0,0,0,0,0,0,0,0
488,BUG_FIX,mediacenterjs,https://github.com/jansmolders86/mediacenterjs/commit/ce5255298dd2efee1ad2de4dcbdc1702cd056156,d95e42eff2d87c3aa829cc37b0c23f7b24848274,ce5255298dd2efee1ad2de4dcbdc1702cd056156,'\'ClassNA\'','\'MethodNA\'',cluster10,0.2,0,0,0,0,0,0,0,0,0,0,0,0,0,0,0,0,0,0,0,0,0,0,0,0,0,0,0,0,0,0,0,0,0,0,0,0,0,0,0,0,0,0,0,0,0,0,0,0,0,0,0,0,0,0,0,0,0,0,0,0,0,0,0,0,0,0,0,0,1,0,0,0,0,0,0,0,0,0,0,0,0,0,0,0,0,0,0,0,0,0,0,0,0,0,0,0,0,0,0,0,0,0,0,0,0,0,0,0,0,0,0,0,0,0,0,0,0,0,0,0,0,0,0,0,0,0,0,0,0,0,0,0,0,0,0,0,0,0,0,0,0,0,0,0,0,0,0,0,0,0,0,0
516,BUG_FIX,mediacenterjs,https://github.com/jansmolders86/mediacenterjs/commit/607de61c137ea474712e771e2d985186d130b157,edc73a1014f36daf706c8cad1ace2c88dbcc490c,607de61c137ea474712e771e2d985186d130b157,'\'ClassNA\'','\'MethodNA\'',cluster5,0.2,0,0,0,0,0,0,0,0,0,0,0,0,0,0,0,0,0,0,0,0,0,0,0,0,0,0,0,0,0,0,0,0,0,1,0,0,0,0,0,0,0,0,0,0,0,0,0,0,0,0,0,0,0,0,0,0,0,0,0,0,0,0,0,0,0,0,0,0,0,0,0,0,0,0,0,0,0,0,0,0,0,0,0,0,0,0,0,0,0,0,0,0,0,0,0,0,0,0,0,0,0,0,0,0,0,0,0,0,0,0,0,0,0,0,0,0,0,0,0,0,0,0,0,0,0,0,0,0,0,0,0,0,0,0,0,0,0,0,0,0,0,0,0,0,0,0,0,0,0,0,1,0
551,OTHER,mediacenterjs,https://github.com/jansmolders86/mediacenterjs/commit/cee5caa19bccd6c2c9d585a43016ee965229dcb5,8cdd189c440042308cae7ab3af66637ad8080b57,cee5caa19bccd6c2c9d585a43016ee965229dcb5,'\'ClassNA\'','\'MethodNA\'',cluster5,0.2,0,0,0,0,0,0,0,0,0,0,0,0,0,0,0,0,0,0,0,0,0,0,0,0,0,0,0,0,0,0,0,0,0,1,0,0,0,0,0,0,0,0,0,0,0,0,0,0,0,0,0,0,0,0,0,0,0,0,0,0,0,0,0,0,0,0,0,0,0,0,0,0,0,0,0,0,0,0,0,0,0,0,0,0,0,0,0,0,0,0,0,0,0,0,0,0,0,0,0,0,0,0,0,0,0,0,0,0,0,0,0,0,0,0,0,0,0,0,0,0,0,0,0,0,0,0,0,0,0,0,0,0,0,0,0,0,0,0,0,0,0,0,0,0,0,0,0,0,0,0,1,0
661,BUG_FIX,mediacenterjs,https://github.com/jansmolders86/mediacenterjs/commit/c3d6478144eef29af7ae18769d42e0510c83bdeb,306d20dde6b7e8e943682ee69aa7e008b52fc68d,c3d6478144eef29af7ae18769d42e0510c83bdeb,'\'ClassNA\'','\'MethodNA\'',cluster3,0.8,0,0,0,0,0,1,0,0,0,0,0,0,0,0,0,0,0,0,0,0,0,0,0,0,0,0,0,0,0,0,0,0,0,0,0,0,0,0,0,0,0,0,0,0,0,0,0,0,0,0,0,0,0,0,0,0,0,0,0,0,0,0,0,0,0,0,0,0,0,0,0,0,0,0,0,0,0,0,0,0,0,0,0,0,0,0,0,0,0,0,0,0,0,0,0,0,0,0,0,0,0,0,0,0,0,0,0,0,0,0,0,0,0,0,0,0,0,0,0,0,0,0,0,0,0,0,0,0,0,0,0,0,0,0,0,0,0,0,0,0,0,0,0,0,0,0,0,0,0,0,0,0
865,BUG_FIX,mediacenterjs,https://github.com/jansmolders86/mediacenterjs/commit/659df35c666e5a34834828e2d882c98724ab06e1,529fb0af99352da1ed35d1a2e0e974147e6b3c34,659df35c666e5a34834828e2d882c98724ab06e1,'\'ClassNA\'','\'MethodNA\'',cluster4,0.2,0,0,0,0,0,0,0,0,0,0,0,0,0,0,0,0,0,0,0,0,0,0,0,0,0,0,0,0,0,0,0,0,0,0,0,0,0,0,0,0,0,0,0,0,0,0,0,0,0,0,0,0,0,0,0,0,0,0,0,1,0,0,0,0,0,0,0,0,0,0,0,0,0,0,0,0,0,0,0,0,0,0,0,0,0,0,0,0,0,0,0,0,0,0,0,0,0,0,0,0,0,0,0,0,0,0,0,0,0,0,0,0,0,0,0,0,0,0,0,0,0,0,0,0,0,0,0,0,0,0,0,0,0,0,0,0,0,0,0,0,0,0,0,0,0,0,0,0,0,0,0,0
1075,BUG_FIX,mediacenterjs,https://github.com/jansmolders86/mediacenterjs/commit/915c76dea7f29e7b4d94cc4cd19092c0f0a3fb81,501af6f18ac18f517af240d781ea56eb93921ecd,915c76dea7f29e7b4d94cc4cd19092c0f0a3fb81,'\'ClassNA\'','\'MethodNA\'',cluster5,0.2,0,0,0,0,0,0,0,0,0,0,0,0,0,0,0,0,0,0,0,0,0,0,0,0,0,0,0,0,0,0,0,0,0,1,0,0,0,0,0,0,0,0,0,0,0,0,0,0,0,0,0,0,0,0,0,0,0,0,0,0,0,0,0,0,0,0,0,0,0,0,0,0,0,0,0,0,0,0,0,0,0,0,0,0,0,0,0,0,0,0,0,0,0,0,0,0,0,0,0,0,0,0,0,0,0,0,0,0,0,0,0,0,0,0,0,0,0,0,0,0,0,0,0,0,0,0,0,0,0,0,0,0,0,0,0,0,0,0,0,0,0,0,0,0,0,0,0,0,0,0,1,0
1201,BUG_FIX,mediacenterjs,https://github.com/jansmolders86/mediacenterjs/commit/b21f53a8ae282d228b71416d2b55501a93cfe669,9697edd9e0d514d973c4555896f7fe660d3b4681,b21f53a8ae282d228b71416d2b55501a93cfe669,'\'ClassNA\'','\'MethodNA\'',cluster14,0.6,0,0,0,0,0,1,0,0,0,0,0,0,0,0,0,0,0,0,0,0,0,0,0,0,0,0,0,0,0,0,0,0,0,0,0,0,0,0,0,0,0,0,0,0,0,1,0,0,0,0,0,0,0,0,0,0,0,0,0,0,0,0,0,0,0,0,0,0,0,0,0,0,0,0,0,0,0,0,0,0,0,0,0,0,0,0,0,0,0,0,0,0,0,0,0,0,0,0,0,0,0,0,0,0,0,0,0,0,0,0,0,0,0,0,0,0,0,0,0,0,0,0,0,0,0,0,0,0,0,0,0,0,0,0,0,0,0,0,0,0,0,0,0,0,0,0,0,0,0,0,0,0
1209,OTHER,mediacenterjs,https://github.com/jansmolders86/mediacenterjs/commit/f38c9d09fe3d506662c35db829a3f0f35bac6008,fd1ceda585317b03d3c81427091d9139dc1c07e5,f38c9d09fe3d506662c35db829a3f0f35bac6008,'\'ClassNA\'','\'MethodNA\'',cluster10,0.2,0,0,0,0,0,0,0,0,0,0,0,0,0,0,0,0,0,0,0,0,0,0,0,0,0,0,0,0,0,0,0,0,0,0,0,0,0,0,0,0,0,0,0,0,0,0,0,0,0,0,0,0,0,0,0,0,0,0,0,0,0,0,0,0,0,0,0,0,1,0,0,0,0,0,0,0,0,0,0,0,0,0,0,0,0,0,0,0,0,0,0,0,0,0,0,0,0,0,0,0,0,0,0,0,0,0,0,0,0,0,0,0,0,0,0,0,0,0,0,0,0,0,0,0,0,0,0,0,0,0,0,0,0,0,0,0,0,0,0,0,0,0,0,0,0,0,0,0,0,0,0,0
1742,OTHER,mediacenterjs,https://github.com/jansmolders86/mediacenterjs/commit/93e393df28388221ecb1ec4f3ea0928676827e2f,5408e1ac7846c39dd1e8ee43cb7737f1d92a6a4f,93e393df28388221ecb1ec4f3ea0928676827e2f,'\'ClassNA\'','\'MethodNA\'',cluster5,0.2,0,0,0,0,0,0,0,0,0,0,0,0,0,0,0,0,0,0,0,0,0,0,0,0,0,0,0,0,0,0,0,0,0,1,0,0,0,0,0,0,0,0,0,0,0,0,0,0,0,0,0,0,0,0,0,0,0,0,0,0,0,0,0,0,0,0,0,0,0,0,0,0,0,0,0,0,0,0,0,0,0,0,0,0,0,0,0,0,0,0,0,0,0,0,0,0,0,0,0,0,0,0,0,0,0,0,0,0,0,0,0,0,0,0,0,0,0,0,0,0,0,0,0,0,0,0,0,0,0,0,0,0,0,0,0,0,0,0,0,0,0,0,0,0,0,0,0,0,0,0,1,0
1889,BUG_FIX,pm2,https://github.com/Unitech/pm2/commit/b1e138ded6e94db4a93256cacbe27f1d7c5e8252,2474e584cb2d224ebca21d2c79491bcb7f40898b,b1e138ded6e94db4a93256cacbe27f1d7c5e8252,'\'ClassNA\'','\'MethodNA\'',cluster0,0.4,0,0,0,0,0,2,0,0,0,0,0,0,0,0,0,0,0,0,0,0,0,0,0,0,0,0,0,0,0,0,0,0,0,0,0,0,0,0,0,0,0,0,0,0,0,0,0,0,0,0,0,0,0,0,0,0,0,0,0,0,0,0,0,0,0,0,0,0,0,0,0,0,0,0,0,0,0,0,0,0,0,0,0,0,0,0,0,0,0,0,0,0,0,0,0,0,0,0,0,0,0,0,0,0,0,0,0,0,0,0,0,0,0,0,0,0,0,0,0,0,0,0,0,0,0,0,0,0,0,0,0,0,0,0,0,0,0,0,0,0,0,0,0,0,0,0,0,0,0,0,0,0
2113,OTHER,pm2,https://github.com/Unitech/pm2/commit/1df38b6117a47bdb50d795c71d947288703844f2,0e0fc949efba7473fff98ee1184c54e4619ef322,1df38b6117a47bdb50d795c71d947288703844f2,'\'ClassNA\'','\'MethodNA\'',cluster2,0.2,0,0,0,0,0,1,0,0,0,0,0,0,0,0,0,0,0,0,0,0,0,0,0,0,0,0,0,0,0,0,0,0,0,0,0,0,0,0,0,0,0,0,0,0,0,0,1,0,0,0,0,0,0,0,0,0,0,0,0,0,0,0,0,0,0,0,0,0,0,0,0,0,0,0,0,0,0,0,0,0,0,0,0,0,0,0,0,0,0,0,0,0,0,0,0,0,0,0,0,0,0,0,0,0,0,0,0,0,0,0,0,0,0,0,0,0,0,0,0,0,0,0,0,0,0,0,0,0,0,0,0,0,0,0,0,0,0,0,0,0,0,0,0,0,0,0,0,0,0,0,0,0
2154,BUG_FIX,pm2,https://github.com/Unitech/pm2/commit/130de494391832e62bc05b8aa514cf11090e204d,79abf8e8f0356bfc1a22e1f91d61237cc1737c90,130de494391832e62bc05b8aa514cf11090e204d,'\'ClassNA\'','\'MethodNA\'',cluster3,0.4,0,0,0,0,0,1,0,0,0,0,0,0,0,0,0,0,0,0,0,0,0,0,0,0,0,0,0,0,0,0,0,0,0,0,0,0,0,0,0,0,0,0,0,0,0,0,0,0,0,0,0,0,0,0,0,0,0,0,0,0,0,0,0,0,0,0,0,0,0,0,0,0,0,0,0,0,0,0,0,0,0,0,0,0,0,0,0,0,0,0,0,0,0,0,0,0,0,0,0,0,0,0,0,0,0,0,0,0,0,0,0,0,0,0,0,0,0,0,0,0,0,0,0,0,0,0,0,0,0,0,0,0,0,0,0,0,0,0,0,0,0,0,0,0,0,0,0,0,0,0,0,0
2203,OTHER,pm2,https://github.com/Unitech/pm2/commit/c7757db7e32806fa0d1e3693232f8c7b47daf8b8,6ce744e6ac85677162ef1a6ae7a4f3b5afd24c90,c7757db7e32806fa0d1e3693232f8c7b47daf8b8,'\'ClassNA\'','\'MethodNA\'',cluster4,0.2,0,0,0,0,0,0,0,0,0,0,0,0,0,0,0,0,0,0,0,0,0,0,0,0,0,0,0,0,0,0,0,0,0,0,0,0,0,0,0,0,0,0,0,0,0,0,0,0,0,0,0,0,0,0,0,0,0,0,0,1,0,0,0,0,0,0,0,0,0,0,0,0,0,0,0,0,0,0,0,0,0,0,0,0,0,0,0,0,0,0,0,0,0,0,0,0,0,0,0,0,0,0,0,0,0,0,0,0,0,0,0,0,0,0,0,0,0,0,0,0,0,0,0,0,0,0,0,0,0,0,0,0,0,0,0,0,0,0,0,0,0,0,0,0,0,0,0,0,0,0,0,0
2229,BUG_FIX,pm2,https://github.com/Unitech/pm2/commit/ae93d89fca9f918539a814c82c4464248c4df6fc,289aacd6221c60507d61477594b61c06fc6e9de7,ae93d89fca9f918539a814c82c4464248c4df6fc,'\'ClassNA\'','\'MethodNA\'',cluster3,0.2,0,0,0,0,0,1,0,0,0,0,0,0,0,0,0,0,0,0,0,0,0,0,0,0,0,0,0,0,0,0,0,0,0,0,0,0,0,0,0,0,0,0,0,0,0,0,0,0,0,0,0,0,0,0,0,0,0,0,0,0,0,0,0,0,0,0,0,0,0,0,0,0,0,0,0,0,0,0,0,0,0,0,0,0,0,0,0,0,0,0,0,0,0,0,0,0,0,0,0,0,0,0,0,0,0,0,0,0,0,0,0,0,0,0,0,0,0,0,0,0,0,0,0,0,0,0,0,0,0,0,0,0,0,0,0,0,0,0,0,0,0,0,0,0,0,0,0,0,0,0,0,0
2234,OTHER,pm2,https://github.com/Unitech/pm2/commit/403282000724c1eb3ab455f25927a903987e57a0,3bf29ffb18256d6738d17b7b1f4e123566731526,403282000724c1eb3ab455f25927a903987e57a0,'\'ClassNA\'','\'MethodNA\'',cluster3,0.6,0,0,0,0,0,1,0,0,0,0,0,0,0,0,0,0,0,0,0,0,0,0,0,0,0,0,0,0,0,0,0,0,0,0,0,0,0,0,0,0,0,0,0,0,0,0,0,0,0,0,0,0,0,0,0,0,0,0,0,0,0,0,0,0,0,0,0,0,0,0,0,0,0,0,0,0,0,0,0,0,0,0,0,0,0,0,0,0,0,0,0,0,0,0,0,0,0,0,0,0,0,0,0,0,0,0,0,0,0,0,0,0,0,0,0,0,0,0,0,0,0,0,0,0,0,0,0,0,0,0,0,0,0,0,0,0,0,0,0,0,0,0,0,0,0,0,0,0,0,0,0,0
2272,OTHER,pm2,https://github.com/Unitech/pm2/commit/f6d750ca59c02723acc2998b1c06b63561c3b743,1fe8f4670fc04d221bf4b8004f36729d6f7cce32,f6d750ca59c02723acc2998b1c06b63561c3b743,'\'ClassNA\'','\'MethodNA\'',cluster2,0.2,0,0,0,0,0,1,0,0,0,0,0,0,0,0,0,0,0,0,0,0,0,0,0,0,0,0,0,0,0,0,0,0,0,0,0,0,0,0,0,0,0,0,0,0,0,0,1,0,0,0,0,0,0,0,0,0,0,0,0,0,0,0,0,0,0,0,0,0,0,0,0,0,0,0,0,0,0,0,0,0,0,0,0,0,0,0,0,0,0,0,0,0,0,0,0,0,0,0,0,0,0,0,0,0,0,0,0,0,0,0,0,0,0,0,0,0,0,0,0,0,0,0,0,0,0,0,0,0,0,0,0,0,0,0,0,0,0,0,0,0,0,0,0,0,0,0,0,0,0,0,0,0
2322,OTHER,pm2,https://github.com/Unitech/pm2/commit/9e36ebb72ae11dc25e3b53f82a8f95aaeafb5a66,213ca62f27df2582d12a5963bf9ceb796257e663,9e36ebb72ae11dc25e3b53f82a8f95aaeafb5a66,'\'ClassNA\'','\'MethodNA\'',cluster6,0.6,0,0,0,0,0,0,0,0,0,0,0,0,0,0,0,0,0,0,0,0,0,0,0,0,0,0,0,0,0,0,0,0,0,0,0,0,0,0,0,0,0,0,0,0,0,0,0,0,0,0,0,0,0,0,0,0,0,0,0,0,0,0,0,0,0,0,0,0,0,0,0,0,0,0,0,0,0,0,0,0,0,0,0,0,0,0,0,0,1,0,0,0,0,0,0,0,0,0,0,0,0,0,0,0,0,0,0,0,0,0,0,0,0,0,0,0,0,0,0,0,0,0,0,0,0,0,0,0,0,0,0,1,0,0,0,0,0,0,0,0,0,0,0,0,0,0,0,0,0,0,0,0
2442,OTHER,pm2,https://github.com/Unitech/pm2/commit/011f33cbf0b883d22d67abd03d978fcc22f97637,10bd30dbcea79b028dd4620d1bd02d139eff5aab,011f33cbf0b883d22d67abd03d978fcc22f97637,'\'ClassNA\'','\'MethodNA\'',cluster4,0.2,0,0,0,0,0,0,0,0,0,0,0,0,0,0,0,0,0,0,0,0,0,0,0,0,0,0,0,0,0,0,0,0,0,0,0,0,0,0,0,0,0,0,0,0,0,0,0,0,0,0,0,0,0,0,0,0,0,0,0,1,0,0,0,0,0,0,0,0,0,0,0,0,0,0,0,0,0,0,0,0,0,0,0,0,0,0,0,0,0,0,0,0,0,0,0,0,0,0,0,0,0,0,0,0,0,0,0,0,0,0,0,0,0,0,0,0,0,0,0,0,0,0,0,0,0,0,0,0,0,0,0,0,0,0,0,0,0,0,0,0,0,0,0,0,0,0,0,0,0,0,0,0
2467,OTHER,pm2,https://github.com/Unitech/pm2/commit/f8eb388652591bee9830f1580e8cacacde59d2ae,9c2fa5e5f7d06f519443fd82c57c5c0374b2e902,f8eb388652591bee9830f1580e8cacacde59d2ae,'\'ClassNA\'','\'MethodNA\'',cluster7,0.2,0,0,0,0,0,0,1,0,0,0,0,0,0,0,0,0,0,0,0,0,0,0,0,0,0,0,0,0,0,0,0,0,0,0,0,0,0,0,0,0,0,0,0,0,0,0,0,0,0,0,0,0,0,0,0,0,0,0,0,0,0,0,0,0,0,0,0,0,0,0,0,0,0,0,0,0,0,0,0,0,0,0,0,0,0,0,0,0,0,0,0,0,0,0,0,0,0,0,0,0,0,0,0,0,0,0,0,0,0,0,0,0,0,0,0,0,0,0,0,0,0,0,0,0,0,0,0,0,0,0,0,0,0,0,0,0,0,0,0,0,0,0,0,0,0,0,0,0,0,0,0,0
2509,OTHER,pm2,https://github.com/Unitech/pm2/commit/d4eb669e6da6d857d2769fd2d90c438bf0648d4c,6df2fa175f9be634f29c6cd797332b3933a92ff2,d4eb669e6da6d857d2769fd2d90c438bf0648d4c,'\'ClassNA\'','\'MethodNA\'',cluster0,0.4,0,0,0,0,0,2,0,0,0,0,0,0,0,0,0,0,0,0,0,0,0,0,0,0,0,0,0,0,0,0,0,0,0,0,0,0,0,0,0,0,0,0,0,0,0,0,0,0,0,0,0,0,0,0,0,0,0,0,0,0,0,0,0,0,0,0,0,0,0,0,0,0,0,0,0,0,0,0,0,0,0,0,0,0,0,0,0,0,0,0,0,0,0,0,0,0,0,0,0,0,0,0,0,0,0,0,0,0,0,0,0,0,0,0,0,0,0,0,0,0,0,0,0,0,0,0,0,0,0,0,0,0,0,0,0,0,0,0,0,0,0,0,0,0,0,0,0,0,0,0,0,0
2619,OTHER,pm2,https://github.com/Unitech/pm2/commit/2a185b2d84bd8cf049ebe86a7c88e786c87a739f,32387da9739bf1ef5b2e5169662a6beaafa5f0cf,2a185b2d84bd8cf049ebe86a7c88e786c87a739f,'\'ClassNA\'','\'MethodNA\'',cluster8,1,0,0,0,0,0,2,0,0,0,0,0,0,0,0,0,0,0,0,0,0,0,0,0,0,0,0,0,0,0,0,0,0,0,0,0,0,0,0,0,0,0,0,0,0,0,0,0,0,0,0,0,0,0,0,0,0,0,0,0,0,0,0,0,0,0,0,0,0,0,0,0,0,0,0,0,0,0,0,0,0,0,0,0,0,0,0,0,0,0,0,0,0,0,0,0,0,0,0,0,0,0,0,0,0,0,0,0,0,0,0,0,0,0,0,0,0,0,0,0,0,0,0,0,0,0,0,0,0,0,0,0,0,0,0,0,0,0,0,0,0,0,0,0,0,0,0,0,0,0,0,0,0
2620,OTHER,pm2,https://github.com/Unitech/pm2/commit/32387da9739bf1ef5b2e5169662a6beaafa5f0cf,175a335886b2d54a6488e61a5c813c30406d97f0,32387da9739bf1ef5b2e5169662a6beaafa5f0cf,'\'ClassNA\'','\'MethodNA\'',cluster9,0.2,0,0,0,0,0,0,0,0,0,0,0,0,0,0,0,0,0,0,0,0,0,0,0,0,0,0,0,0,0,0,0,0,0,0,0,0,0,0,0,0,0,0,0,1,0,0,0,0,0,0,0,0,0,0,0,0,0,0,0,0,0,0,0,0,0,0,0,0,0,0,0,0,0,0,0,0,0,0,0,0,0,0,0,0,0,0,0,0,0,0,0,0,0,0,0,0,0,0,0,0,0,0,0,0,0,0,0,0,0,0,0,0,0,0,0,0,0,0,0,0,0,0,0,0,0,0,0,0,0,0,0,0,0,0,0,0,0,0,0,0,0,0,0,0,0,0,0,0,0,0,0,0
2621,OTHER,pm2,https://github.com/Unitech/pm2/commit/774cd65c79d7a871c6e6d82aae7e37b175346b5a,eea1b907378f2eaf1907082eb1fd99fd3c9af238,774cd65c79d7a871c6e6d82aae7e37b175346b5a,'\'ClassNA\'','\'MethodNA\'',cluster11,0.4,0,0,0,0,0,1,0,0,0,0,0,0,0,0,0,0,0,0,0,0,0,0,0,0,0,0,0,0,0,0,0,0,0,0,0,0,0,0,0,0,0,0,0,0,0,0,1,0,0,0,0,0,0,0,0,0,0,0,0,0,0,0,0,0,0,0,0,0,0,0,0,0,0,0,0,0,0,0,0,0,0,0,0,0,0,0,0,0,0,0,0,0,0,0,0,0,0,0,1,0,0,0,0,0,0,0,0,0,0,0,0,0,0,0,0,0,0,0,0,0,0,0,0,0,0,0,0,0,0,0,0,0,0,0,0,0,0,0,0,0,0,0,0,0,0,0,0,0,0,0,0,0
2658,BUG_FIX,pm2,https://github.com/Unitech/pm2/commit/9a9aac67820312605f40aeef06c3919d8c1f3560,bba58b1fb39ad05cd8375113f0d17d9e77da6ffb,9a9aac67820312605f40aeef06c3919d8c1f3560,'\'ClassNA\'','\'MethodNA\'',cluster1,0.2,0,0,0,0,0,0,0,0,0,0,0,0,0,0,0,0,0,0,0,0,0,0,0,0,0,0,0,0,0,0,0,0,0,0,0,0,0,0,0,0,0,0,0,0,0,0,0,0,0,0,0,0,0,0,0,0,0,0,0,0,0,0,0,0,0,0,1,0,0,0,0,0,0,0,0,0,0,0,0,0,0,0,0,0,0,0,0,0,0,0,0,0,0,0,0,0,0,0,0,0,0,0,0,0,0,0,0,0,0,0,0,0,0,0,0,0,0,0,0,0,0,0,0,0,0,0,0,0,0,0,0,0,0,0,0,0,0,0,0,0,0,0,0,0,0,0,0,0,0,0,0,0
2674,OTHER,pm2,https://github.com/Unitech/pm2/commit/a05fd06240c70ed489a8ef6576baf8b8b4cee416,6e7c2c6ab32f4482a31f1e95cb17315434cb0b87,a05fd06240c70ed489a8ef6576baf8b8b4cee416,'\'ClassNA\'','\'MethodNA\'',cluster0,0.4,0,0,0,0,0,2,0,0,0,0,0,0,0,0,0,0,0,0,0,0,0,0,0,0,0,0,0,0,0,0,0,0,0,0,0,0,0,0,0,0,0,0,0,0,0,0,0,0,0,0,0,0,0,0,0,0,0,0,0,0,0,0,0,0,0,0,0,0,0,0,0,0,0,0,0,0,0,0,0,0,0,0,0,0,0,0,0,0,0,0,0,0,0,0,0,0,0,0,0,0,0,0,0,0,0,0,0,0,0,0,0,0,0,0,0,0,0,0,0,0,0,0,0,0,0,0,0,0,0,0,0,0,0,0,0,0,0,0,0,0,0,0,0,0,0,0,0,0,0,0,0,0
2680,OTHER,pm2,https://github.com/Unitech/pm2/commit/492479d0f63ea3cc1f4dceea549ab1c289ecc833,b282abddc415290ba7f45ef29e6368651482fc3c,492479d0f63ea3cc1f4dceea549ab1c289ecc833,'\'ClassNA\'','\'MethodNA\'',cluster8,1,0,0,0,0,0,2,0,0,0,0,0,0,0,0,0,0,0,0,0,0,0,0,0,0,0,0,0,0,0,0,0,0,0,0,0,0,0,0,0,0,0,0,0,0,0,0,0,0,0,0,0,0,0,0,0,0,0,0,0,0,0,0,0,0,0,0,0,0,0,0,0,0,0,0,0,0,0,0,0,0,0,0,0,0,0,0,0,0,0,0,0,0,0,0,0,0,0,0,0,0,0,0,0,0,0,0,0,0,0,0,0,0,0,0,0,0,0,0,0,0,0,0,0,0,0,0,0,0,0,0,0,0,0,0,0,0,0,0,0,0,0,0,0,0,0,0,0,0,0,0,0,0
2681,OTHER,pm2,https://github.com/Unitech/pm2/commit/6a4f4aad295266f38b35f51f0ac98ef2752922c4,b282abddc415290ba7f45ef29e6368651482fc3c,6a4f4aad295266f38b35f51f0ac98ef2752922c4,'\'ClassNA\'','\'MethodNA\'',cluster3,0.4,0,0,0,0,0,1,0,0,0,0,0,0,0,0,0,0,0,0,0,0,0,0,0,0,0,0,0,0,0,0,0,0,0,0,0,0,0,0,0,0,0,0,0,0,0,0,0,0,0,0,0,0,0,0,0,0,0,0,0,0,0,0,0,0,0,0,0,0,0,0,0,0,0,0,0,0,0,0,0,0,0,0,0,0,0,0,0,0,0,0,0,0,0,0,0,0,0,0,0,0,0,0,0,0,0,0,0,0,0,0,0,0,0,0,0,0,0,0,0,0,0,0,0,0,0,0,0,0,0,0,0,0,0,0,0,0,0,0,0,0,0,0,0,0,0,0,0,0,0,0,0,0
2692,BUG_FIX,pm2,https://github.com/Unitech/pm2/commit/528cb7c2fb8a5183b57a9f4392d26eeab23b5b9e,2d2dc358abe8aa61281073f760e296d699e4b6a2,528cb7c2fb8a5183b57a9f4392d26eeab23b5b9e,'\'ClassNA\'','\'MethodNA\'',cluster3,0.2,0,0,0,0,0,1,0,0,0,0,0,0,0,0,0,0,0,0,0,0,0,0,0,0,0,0,0,0,0,0,0,0,0,0,0,0,0,0,0,0,0,0,0,0,0,0,0,0,0,0,0,0,0,0,0,0,0,0,0,0,0,0,0,0,0,0,0,0,0,0,0,0,0,0,0,0,0,0,0,0,0,0,0,0,0,0,0,0,0,0,0,0,0,0,0,0,0,0,0,0,0,0,0,0,0,0,0,0,0,0,0,0,0,0,0,0,0,0,0,0,0,0,0,0,0,0,0,0,0,0,0,0,0,0,0,0,0,0,0,0,0,0,0,0,0,0,0,0,0,0,0,0
2719,BUG_FIX,pm2,https://github.com/Unitech/pm2/commit/22a949008f2a6eb34c288816fd2508cc8069cba2,cd3ef21e378134b6bfa43733ccbc282835834430,22a949008f2a6eb34c288816fd2508cc8069cba2,'\'ClassNA\'','\'MethodNA\'',cluster8,1,0,0,0,0,0,2,0,0,0,0,0,0,0,0,0,0,0,0,0,0,0,0,0,0,0,0,0,0,0,0,0,0,0,0,0,0,0,0,0,0,0,0,0,0,0,0,0,0,0,0,0,0,0,0,0,0,0,0,0,0,0,0,0,0,0,0,0,0,0,0,0,0,0,0,0,0,0,0,0,0,0,0,0,0,0,0,0,0,0,0,0,0,0,0,0,0,0,0,0,0,0,0,0,0,0,0,0,0,0,0,0,0,0,0,0,0,0,0,0,0,0,0,0,0,0,0,0,0,0,0,0,0,0,0,0,0,0,0,0,0,0,0,0,0,0,0,0,0,0,0,0,0
2735,OTHER,pm2,https://github.com/Unitech/pm2/commit/f7156d10ba1c4f95d98dfb56d90014aaa8e1a3cf,8f59b4bcf5dfa40ea7ae8f0a4c0e3690506ac857,f7156d10ba1c4f95d98dfb56d90014aaa8e1a3cf,'\'ClassNA\'','\'MethodNA\'',cluster9,0.4,0,0,0,0,0,0,0,0,0,0,0,0,0,0,0,0,0,0,0,0,0,0,0,0,0,0,0,0,0,0,0,0,0,0,0,0,0,0,0,0,0,0,0,1,0,0,0,0,0,0,0,0,0,0,0,0,0,0,0,0,0,0,0,0,0,0,0,0,0,0,0,0,0,0,0,0,0,0,0,0,0,0,0,0,0,0,0,0,0,0,0,0,0,0,0,0,0,0,0,0,0,0,0,0,0,0,0,0,0,0,0,0,0,0,0,0,0,0,0,0,0,0,0,0,0,0,0,0,0,0,0,0,0,0,0,0,0,0,0,0,0,0,0,0,0,0,0,0,0,0,0,0
2748,OTHER,pm2,https://github.com/Unitech/pm2/commit/628842b487e649fa6e76cbac1d59e5a98d492017,06f3dd6ea26b26d86e6d13534784ae064c25c43e,628842b487e649fa6e76cbac1d59e5a98d492017,'\'ClassNA\'','\'MethodNA\'',cluster9,0.2,0,0,0,0,0,0,0,0,0,0,0,0,0,0,0,0,0,0,0,0,0,0,0,0,0,0,0,0,0,0,0,0,0,0,0,0,0,0,0,0,0,0,0,1,0,0,0,0,0,0,0,0,0,0,0,0,0,0,0,0,0,0,0,0,0,0,0,0,0,0,0,0,0,0,0,0,0,0,0,0,0,0,0,0,0,0,0,0,0,0,0,0,0,0,0,0,0,0,0,0,0,0,0,0,0,0,0,0,0,0,0,0,0,0,0,0,0,0,0,0,0,0,0,0,0,0,0,0,0,0,0,0,0,0,0,0,0,0,0,0,0,0,0,0,0,0,0,0,0,0,0,0
2754,BUG_FIX,pm2,https://github.com/Unitech/pm2/commit/4e579a76b80334147f581b3929d7b7629079d9d9,a1ea26f058c3af8651303828e9b296e83b74befc,4e579a76b80334147f581b3929d7b7629079d9d9,'\'ClassNA\'','\'MethodNA\'',cluster3,0.2,0,0,0,0,0,1,0,0,0,0,0,0,0,0,0,0,0,0,0,0,0,0,0,0,0,0,0,0,0,0,0,0,0,0,0,0,0,0,0,0,0,0,0,0,0,0,0,0,0,0,0,0,0,0,0,0,0,0,0,0,0,0,0,0,0,0,0,0,0,0,0,0,0,0,0,0,0,0,0,0,0,0,0,0,0,0,0,0,0,0,0,0,0,0,0,0,0,0,0,0,0,0,0,0,0,0,0,0,0,0,0,0,0,0,0,0,0,0,0,0,0,0,0,0,0,0,0,0,0,0,0,0,0,0,0,0,0,0,0,0,0,0,0,0,0,0,0,0,0,0,0,0
2806,BUG_FIX,pm2,https://github.com/Unitech/pm2/commit/4a45e652e6139642ae56ea2f40ac193d8ba27e23,c1567966e4354b69b4f3060be93e15f1c8b015b9,4a45e652e6139642ae56ea2f40ac193d8ba27e23,'\'ClassNA\'','\'MethodNA\'',cluster2,0.4,0,0,0,0,0,1,0,0,0,0,0,0,0,0,0,0,0,0,0,0,0,0,0,0,0,0,0,0,0,0,0,0,0,0,0,0,0,0,0,0,0,0,0,0,0,0,1,0,0,0,0,0,0,0,0,0,0,0,0,0,0,0,0,0,0,0,0,0,0,0,0,0,0,0,0,0,0,0,0,0,0,0,0,0,0,0,0,0,0,0,0,0,0,0,0,0,0,0,0,0,0,0,0,0,0,0,0,0,0,0,0,0,0,0,0,0,0,0,0,0,0,0,0,0,0,0,0,0,0,0,0,0,0,0,0,0,0,0,0,0,0,0,0,0,0,0,0,0,0,0,0,0
2813,BUG_FIX,pm2,https://github.com/Unitech/pm2/commit/d625d5ec81b4d1c1392f61037e22b7f7b52ef1cb,19939d49bcfe4bf08a39410739b64634b4ff097b,d625d5ec81b4d1c1392f61037e22b7f7b52ef1cb,'\'ClassNA\'','\'MethodNA\'',cluster3,0.4,0,0,0,0,0,1,0,0,0,0,0,0,0,0,0,0,0,0,0,0,0,0,0,0,0,0,0,0,0,0,0,0,0,0,0,0,0,0,0,0,0,0,0,0,0,0,0,0,0,0,0,0,0,0,0,0,0,0,0,0,0,0,0,0,0,0,0,0,0,0,0,0,0,0,0,0,0,0,0,0,0,0,0,0,0,0,0,0,0,0,0,0,0,0,0,0,0,0,0,0,0,0,0,0,0,0,0,0,0,0,0,0,0,0,0,0,0,0,0,0,0,0,0,0,0,0,0,0,0,0,0,0,0,0,0,0,0,0,0,0,0,0,0,0,0,0,0,0,0,0,0,0
2823,BUG_FIX,pm2,https://github.com/Unitech/pm2/commit/24b48a1aca941e3b60906898145cc1622bae182c,31c4d157a97d9f077b0b650c7a18ec4e859f5b2d,24b48a1aca941e3b60906898145cc1622bae182c,'\'ClassNA\'','\'MethodNA\'',cluster3,0.2,0,0,0,0,0,1,0,0,0,0,0,0,0,0,0,0,0,0,0,0,0,0,0,0,0,0,0,0,0,0,0,0,0,0,0,0,0,0,0,0,0,0,0,0,0,0,0,0,0,0,0,0,0,0,0,0,0,0,0,0,0,0,0,0,0,0,0,0,0,0,0,0,0,0,0,0,0,0,0,0,0,0,0,0,0,0,0,0,0,0,0,0,0,0,0,0,0,0,0,0,0,0,0,0,0,0,0,0,0,0,0,0,0,0,0,0,0,0,0,0,0,0,0,0,0,0,0,0,0,0,0,0,0,0,0,0,0,0,0,0,0,0,0,0,0,0,0,0,0,0,0,0
2839,BUG_FIX,pm2,https://github.com/Unitech/pm2/commit/219126366a951a7cbcb3cf68160b1d56ab19cb28,5b6a264c11a6610a69bac144f64469f2ab663278,219126366a951a7cbcb3cf68160b1d56ab19cb28,'\'ClassNA\'','\'MethodNA\'',cluster2,0.2,0,0,0,0,0,1,0,0,0,0,0,0,0,0,0,0,0,0,0,0,0,0,0,0,0,0,0,0,0,0,0,0,0,0,0,0,0,0,0,0,0,0,0,0,0,0,1,0,0,0,0,0,0,0,0,0,0,0,0,0,0,0,0,0,0,0,0,0,0,0,0,0,0,0,0,0,0,0,0,0,0,0,0,0,0,0,0,0,0,0,0,0,0,0,0,0,0,0,0,0,0,0,0,0,0,0,0,0,0,0,0,0,0,0,0,0,0,0,0,0,0,0,0,0,0,0,0,0,0,0,0,0,0,0,0,0,0,0,0,0,0,0,0,0,0,0,0,0,0,0,0,0
2852,OTHER,pm2,https://github.com/Unitech/pm2/commit/63882d873a719dc650adb29cff841521c63c8f9b,6cd327a00c3d9bc28af12ae68c41410a9fb6830c,63882d873a719dc650adb29cff841521c63c8f9b,'\'ClassNA\'','\'MethodNA\'',cluster12,0.2,0,0,0,0,0,0,0,0,0,0,0,0,0,0,0,0,0,0,0,0,0,0,0,0,0,0,0,0,0,0,0,0,0,0,0,0,0,0,0,0,0,0,0,0,0,0,0,0,0,0,0,0,0,0,0,0,0,0,0,0,0,0,0,0,0,0,0,0,0,0,0,0,0,0,0,0,0,0,0,0,0,0,0,0,0,0,0,0,0,0,0,0,0,0,0,0,0,0,0,0,0,0,0,0,0,0,0,0,0,0,0,0,0,0,0,0,0,0,0,0,0,0,0,0,0,0,0,1,0,0,0,0,0,0,0,0,0,0,0,0,0,0,0,0,0,0,0,0,0,0,0,0
2864,OTHER,pm2,https://github.com/Unitech/pm2/commit/17d022c48fcd091f938583e93f84ed560e4a2446,20706ec1230b182ff43e6821012b09d6a6d80bc1,17d022c48fcd091f938583e93f84ed560e4a2446,'\'ClassNA\'','\'MethodNA\'',cluster0,0.4,0,0,0,0,0,2,0,0,0,0,0,0,0,0,0,0,0,0,0,0,0,0,0,0,0,0,0,0,0,0,0,0,0,0,0,0,0,0,0,0,0,0,0,0,0,0,0,0,0,0,0,0,0,0,0,0,0,0,0,0,0,0,0,0,0,0,0,0,0,0,0,0,0,0,0,0,0,0,0,0,0,0,0,0,0,0,0,0,0,0,0,0,0,0,0,0,0,0,0,0,0,0,0,0,0,0,0,0,0,0,0,0,0,0,0,0,0,0,0,0,0,0,0,0,0,0,0,0,0,0,0,0,0,0,0,0,0,0,0,0,0,0,0,0,0,0,0,0,0,0,0,0
2884,OTHER,pm2,https://github.com/Unitech/pm2/commit/802f90d62f596e7fe97fc84f863ba2e87cef0bda,357c4079bffca95287af64816a15761e8ffcc430,802f90d62f596e7fe97fc84f863ba2e87cef0bda,'\'ClassNA\'','\'MethodNA\'',cluster13,0.2,0,0,0,0,0,0,0,0,0,0,0,0,0,0,0,0,0,0,0,0,0,0,0,0,0,0,0,0,0,0,0,0,0,0,0,0,0,0,0,0,0,0,0,0,0,0,0,0,0,0,0,0,0,0,0,0,0,0,0,1,0,0,0,0,0,0,0,0,0,0,0,1,0,0,0,0,0,0,0,0,0,0,0,0,0,0,0,0,0,0,0,0,0,0,0,0,0,0,0,0,0,0,0,0,0,0,0,0,0,0,0,0,0,0,0,0,0,0,0,0,0,0,0,0,0,0,0,0,0,0,0,0,0,0,0,0,0,0,0,0,0,0,0,0,0,0,0,0,0,0,0,0
2946,BUG_FIX,pm2,https://github.com/Unitech/pm2/commit/51938954c91998e02c06ba8665b811d5aa588b5f,a77edc6ecf90f68725884fe00f39e8e28b7bbc25,51938954c91998e02c06ba8665b811d5aa588b5f,'\'ClassNA\'','\'MethodNA\'',cluster2,0.2,0,0,0,0,0,1,0,0,0,0,0,0,0,0,0,0,0,0,0,0,0,0,0,0,0,0,0,0,0,0,0,0,0,0,0,0,0,0,0,0,0,0,0,0,0,0,1,0,0,0,0,0,0,0,0,0,0,0,0,0,0,0,0,0,0,0,0,0,0,0,0,0,0,0,0,0,0,0,0,0,0,0,0,0,0,0,0,0,0,0,0,0,0,0,0,0,0,0,0,0,0,0,0,0,0,0,0,0,0,0,0,0,0,0,0,0,0,0,0,0,0,0,0,0,0,0,0,0,0,0,0,0,0,0,0,0,0,0,0,0,0,0,0,0,0,0,0,0,0,0,0,0
2949,BUG_FIX,pm2,https://github.com/Unitech/pm2/commit/37eed651bfe872c777d5fc07dc3ddce449551d83,cf945175eee72c883833928fe612c62ba24611d7,37eed651bfe872c777d5fc07dc3ddce449551d83,'\'ClassNA\'','\'MethodNA\'',cluster3,0.2,0,0,0,0,0,1,0,0,0,0,0,0,0,0,0,0,0,0,0,0,0,0,0,0,0,0,0,0,0,0,0,0,0,0,0,0,0,0,0,0,0,0,0,0,0,0,0,0,0,0,0,0,0,0,0,0,0,0,0,0,0,0,0,0,0,0,0,0,0,0,0,0,0,0,0,0,0,0,0,0,0,0,0,0,0,0,0,0,0,0,0,0,0,0,0,0,0,0,0,0,0,0,0,0,0,0,0,0,0,0,0,0,0,0,0,0,0,0,0,0,0,0,0,0,0,0,0,0,0,0,0,0,0,0,0,0,0,0,0,0,0,0,0,0,0,0,0,0,0,0,0,0
3135,OTHER,pm2,https://github.com/Unitech/pm2/commit/7d3bd3fabeabcfdf5c8b754f3f863c2cb1b01d46,cea819b96096ffca590f75bc4c161018f479073a,7d3bd3fabeabcfdf5c8b754f3f863c2cb1b01d46,'\'ClassNA\'','\'MethodNA\'',cluster14,0.8,0,0,0,0,0,1,0,0,0,0,0,0,0,0,0,0,0,0,0,0,0,0,0,0,0,0,0,0,0,0,0,0,0,0,0,0,0,0,0,0,0,0,0,0,0,1,0,0,0,0,0,0,0,0,0,0,0,0,0,0,0,0,0,0,0,0,0,0,0,0,0,0,0,0,0,0,0,0,0,0,0,0,0,0,0,0,0,0,0,0,0,0,0,0,0,0,0,0,0,0,0,0,0,0,0,0,0,0,0,0,0,0,0,0,0,0,0,0,0,0,0,0,0,0,0,0,0,0,0,0,0,0,0,0,0,0,0,0,0,0,0,0,0,0,0,0,0,0,0,0,0,0
3140,BUG_FIX,pm2,https://github.com/Unitech/pm2/commit/061f2a7ab2ade06138fc596ae24749429b8312c1,994b27b3909d700d095a76af7ac66763dbd9c321,061f2a7ab2ade06138fc596ae24749429b8312c1,'\'ClassNA\'','\'MethodNA\'',cluster3,0.4,0,0,0,0,0,1,0,0,0,0,0,0,0,0,0,0,0,0,0,0,0,0,0,0,0,0,0,0,0,0,0,0,0,0,0,0,0,0,0,0,0,0,0,0,0,0,0,0,0,0,0,0,0,0,0,0,0,0,0,0,0,0,0,0,0,0,0,0,0,0,0,0,0,0,0,0,0,0,0,0,0,0,0,0,0,0,0,0,0,0,0,0,0,0,0,0,0,0,0,0,0,0,0,0,0,0,0,0,0,0,0,0,0,0,0,0,0,0,0,0,0,0,0,0,0,0,0,0,0,0,0,0,0,0,0,0,0,0,0,0,0,0,0,0,0,0,0,0,0,0,0,0
3171,OTHER,pm2,https://github.com/Unitech/pm2/commit/9f35ef70d11a37b32d765999fa9fed2c0f17fbd3,e3e552a13104938150e220a0c5301036bafd28b7,9f35ef70d11a37b32d765999fa9fed2c0f17fbd3,'\'ClassNA\'','\'MethodNA\'',cluster10,0.2,0,0,0,0,0,0,0,0,0,0,0,0,0,0,0,0,0,0,0,0,0,0,0,0,0,0,0,0,0,0,0,0,0,0,0,0,0,0,0,0,0,0,0,0,0,0,0,0,0,0,0,0,0,0,0,0,0,0,0,0,0,0,0,0,0,0,0,0,1,0,0,0,0,0,0,0,0,0,0,0,0,0,0,0,0,0,0,0,0,0,0,0,0,0,0,0,0,0,0,0,0,0,0,0,0,0,0,0,0,0,0,0,0,0,0,0,0,0,0,0,0,0,0,0,0,0,0,0,0,0,0,0,0,0,0,0,0,0,0,0,0,0,0,0,0,0,0,0,0,0,0,0
3196,OTHER,pm2,https://github.com/Unitech/pm2/commit/858f9ec8e32f227d984e75bccd5f25522045a248,2cc9f8b491420a627be3db2eadd5242e50d6527c,858f9ec8e32f227d984e75bccd5f25522045a248,'\'ClassNA\'','\'MethodNA\'',cluster11,0.2,0,0,0,0,0,1,0,0,0,0,0,0,0,0,0,0,0,0,0,0,0,0,0,0,0,0,0,0,0,0,0,0,0,0,0,0,0,0,0,0,0,0,0,0,0,0,1,0,0,0,0,0,0,0,0,0,0,0,0,0,0,0,0,0,0,0,0,0,0,0,0,0,0,0,0,0,0,0,0,0,0,0,0,0,0,0,0,0,0,0,0,0,0,0,0,0,0,0,1,0,0,0,0,0,0,0,0,0,0,0,0,0,0,0,0,0,0,0,0,0,0,0,0,0,0,0,0,0,0,0,0,0,0,0,0,0,0,0,0,0,0,0,0,0,0,0,0,0,0,0,0,0
3209,OTHER,pm2,https://github.com/Unitech/pm2/commit/e1d2ce8411242ca44b94986e3a4f1cad2b830a18,92df9cbaaf852ae4f0ad3d0c7f0e19ab8bca8c53,e1d2ce8411242ca44b94986e3a4f1cad2b830a18,'\'ClassNA\'','\'MethodNA\'',cluster11,0.4,0,0,0,0,0,1,0,0,0,0,0,0,0,0,0,0,0,0,0,0,0,0,0,0,0,0,0,0,0,0,0,0,0,0,0,0,0,0,0,0,0,0,0,0,0,0,1,0,0,0,0,0,0,0,0,0,0,0,0,0,0,0,0,0,0,0,0,0,0,0,0,0,0,0,0,0,0,0,0,0,0,0,0,0,0,0,0,0,0,0,0,0,0,0,0,0,0,0,1,0,0,0,0,0,0,0,0,0,0,0,0,0,0,0,0,0,0,0,0,0,0,0,0,0,0,0,0,0,0,0,0,0,0,0,0,0,0,0,0,0,0,0,0,0,0,0,0,0,0,0,0,0
3216,BUG_FIX,pm2,https://github.com/Unitech/pm2/commit/b1a9e2710188252fae5ce02ac780191df432ed1b,7cd1971adafd702ca49a46d93d3b7083612e2052,b1a9e2710188252fae5ce02ac780191df432ed1b,'\'ClassNA\'','\'MethodNA\'',cluster6,0.4,0,0,0,0,0,0,0,0,0,0,0,0,0,0,0,0,0,0,0,0,0,0,0,0,0,0,0,0,0,0,0,0,0,0,0,0,0,0,0,0,0,0,0,0,0,0,0,0,0,0,0,0,0,0,0,0,0,0,0,0,0,0,0,0,0,0,0,0,0,0,0,0,0,0,0,0,0,0,0,0,0,0,0,0,0,0,0,0,1,0,0,0,0,0,0,0,0,0,0,0,0,0,0,0,0,0,0,0,0,0,0,0,0,0,0,0,0,0,0,0,0,0,0,0,0,0,0,0,0,0,0,1,0,0,0,0,0,0,0,0,0,0,0,0,0,0,0,0,0,0,0,0
3217,BUG_FIX,pm2,https://github.com/Unitech/pm2/commit/7cd1971adafd702ca49a46d93d3b7083612e2052,7736c2940e4b6cd2e18806a950728d477e54c426,7cd1971adafd702ca49a46d93d3b7083612e2052,'\'ClassNA\'','\'MethodNA\'',cluster6,0.8,0,0,0,0,0,0,0,0,0,0,0,0,0,0,0,0,0,0,0,0,0,0,0,0,0,0,0,0,0,0,0,0,0,0,0,0,0,0,0,0,0,0,0,0,0,0,0,0,0,0,0,0,0,0,0,0,0,0,0,0,0,0,0,0,0,0,0,0,0,0,0,0,0,0,0,0,0,0,0,0,0,0,0,0,0,0,0,0,1,0,0,0,0,0,0,0,0,0,0,0,0,0,0,0,0,0,0,0,0,0,0,0,0,0,0,0,0,0,0,0,0,0,0,0,0,0,0,0,0,0,0,1,0,0,0,0,0,0,0,0,0,0,0,0,0,0,0,0,0,0,0,0
3268,OTHER,pm2,https://github.com/Unitech/pm2/commit/9fa947c59f566dadc69abcdd61195d361e8a9c81,f40710b0ab8468e7bdf4ce3677e75c1c74fc0dd1,9fa947c59f566dadc69abcdd61195d361e8a9c81,'\'ClassNA\'','\'MethodNA\'',cluster12,0.2,0,0,0,0,0,0,0,0,0,0,0,0,0,0,0,0,0,0,0,0,0,0,0,0,0,0,0,0,0,0,0,0,0,0,0,0,0,0,0,0,0,0,0,0,0,0,0,0,0,0,0,0,0,0,0,0,0,0,0,0,0,0,0,0,0,0,0,0,0,0,0,0,0,0,0,0,0,0,0,0,0,0,0,0,0,0,0,0,0,0,0,0,0,0,0,0,0,0,0,0,0,0,0,0,0,0,0,0,0,0,0,0,0,0,0,0,0,0,0,0,0,0,0,0,0,0,0,1,0,0,0,0,0,0,0,0,0,0,0,0,0,0,0,0,0,0,0,0,0,0,0,0
3271,BUG_FIX,pm2,https://github.com/Unitech/pm2/commit/ffaa90e964e4fa065bcf973bd55fcecf5796072f,f0e130828a5dc608a98467df9a13e5ade62ac9dd,ffaa90e964e4fa065bcf973bd55fcecf5796072f,'\'ClassNA\'','\'MethodNA\'',cluster5,0.2,0,0,0,0,0,0,0,0,0,0,0,0,0,0,0,0,0,0,0,0,0,0,0,0,0,0,0,0,0,0,0,0,0,1,0,0,0,0,0,0,0,0,0,0,0,0,0,0,0,0,0,0,0,0,0,0,0,0,0,0,0,0,0,0,0,0,0,0,0,0,0,0,0,0,0,0,0,0,0,0,0,0,0,0,0,0,0,0,0,0,0,0,0,0,0,0,0,0,0,0,0,0,0,0,0,0,0,0,0,0,0,0,0,0,0,0,0,0,0,0,0,0,0,0,0,0,0,0,0,0,0,0,0,0,0,0,0,0,0,0,0,0,0,0,0,0,0,0,0,0,1,0
3341,OTHER,pm2,https://github.com/Unitech/pm2/commit/bb124f6ea0abfbb6dfa392697c82fad7ac4f0e00,f7cd1ad835bcb4deef45e35aef850254c990d465,bb124f6ea0abfbb6dfa392697c82fad7ac4f0e00,'\'ClassNA\'','\'MethodNA\'',cluster9,0.4,0,0,0,0,0,0,0,0,0,0,0,0,0,0,0,0,0,0,0,0,0,0,0,0,0,0,0,0,0,0,0,0,0,0,0,0,0,0,0,0,0,0,0,1,0,0,0,0,0,0,0,0,0,0,0,0,0,0,0,0,0,0,0,0,0,0,0,0,0,0,0,0,0,0,0,0,0,0,0,0,0,0,0,0,0,0,0,0,0,0,0,0,0,0,0,0,0,0,0,0,0,0,0,0,0,0,0,0,0,0,0,0,0,0,0,0,0,0,0,0,0,0,0,0,0,0,0,0,0,0,0,0,0,0,0,0,0,0,0,0,0,0,0,0,0,0,0,0,0,0,0,0
3414,OTHER,pm2,https://github.com/Unitech/pm2/commit/03376eb30f69f9c80431ac2904415cbb0d91d7ec,c1a441da3991bc8821ca5aa8374f180ce1c3ffa8,03376eb30f69f9c80431ac2904415cbb0d91d7ec,'\'ClassNA\'','\'MethodNA\'',cluster3,0.2,0,0,0,0,0,1,0,0,0,0,0,0,0,0,0,0,0,0,0,0,0,0,0,0,0,0,0,0,0,0,0,0,0,0,0,0,0,0,0,0,0,0,0,0,0,0,0,0,0,0,0,0,0,0,0,0,0,0,0,0,0,0,0,0,0,0,0,0,0,0,0,0,0,0,0,0,0,0,0,0,0,0,0,0,0,0,0,0,0,0,0,0,0,0,0,0,0,0,0,0,0,0,0,0,0,0,0,0,0,0,0,0,0,0,0,0,0,0,0,0,0,0,0,0,0,0,0,0,0,0,0,0,0,0,0,0,0,0,0,0,0,0,0,0,0,0,0,0,0,0,0,0
3416,OTHER,pm2,https://github.com/Unitech/pm2/commit/faad3a99565e8845c70ba33bc859c7036970580c,48130cd16c9c4ed666981c41dbc5b02faef7aa3d,faad3a99565e8845c70ba33bc859c7036970580c,'\'ClassNA\'','\'MethodNA\'',cluster3,0.4,0,0,0,0,0,1,0,0,0,0,0,0,0,0,0,0,0,0,0,0,0,0,0,0,0,0,0,0,0,0,0,0,0,0,0,0,0,0,0,0,0,0,0,0,0,0,0,0,0,0,0,0,0,0,0,0,0,0,0,0,0,0,0,0,0,0,0,0,0,0,0,0,0,0,0,0,0,0,0,0,0,0,0,0,0,0,0,0,0,0,0,0,0,0,0,0,0,0,0,0,0,0,0,0,0,0,0,0,0,0,0,0,0,0,0,0,0,0,0,0,0,0,0,0,0,0,0,0,0,0,0,0,0,0,0,0,0,0,0,0,0,0,0,0,0,0,0,0,0,0,0,0
3474,BUG_FIX,pm2,https://github.com/Unitech/pm2/commit/2007c588efa7e2d94f5d072104d667acf924be0c,63cc2cbc81b1a879778aa3ef19011f2c3db1bc1c,2007c588efa7e2d94f5d072104d667acf924be0c,'\'ClassNA\'','\'MethodNA\'',cluster3,0.2,0,0,0,0,0,1,0,0,0,0,0,0,0,0,0,0,0,0,0,0,0,0,0,0,0,0,0,0,0,0,0,0,0,0,0,0,0,0,0,0,0,0,0,0,0,0,0,0,0,0,0,0,0,0,0,0,0,0,0,0,0,0,0,0,0,0,0,0,0,0,0,0,0,0,0,0,0,0,0,0,0,0,0,0,0,0,0,0,0,0,0,0,0,0,0,0,0,0,0,0,0,0,0,0,0,0,0,0,0,0,0,0,0,0,0,0,0,0,0,0,0,0,0,0,0,0,0,0,0,0,0,0,0,0,0,0,0,0,0,0,0,0,0,0,0,0,0,0,0,0,0,0
3491,OTHER,pm2,https://github.com/Unitech/pm2/commit/08f77f2c77a8d9514e5bdb70e7ccb2e3f2a346a1,1d146b58439abf0bac3b0fce16849d96cc81a364,08f77f2c77a8d9514e5bdb70e7ccb2e3f2a346a1,'\'ClassNA\'','\'MethodNA\'',cluster9,0.6,0,0,0,0,0,0,0,0,0,0,0,0,0,0,0,0,0,0,0,0,0,0,0,0,0,0,0,0,0,0,0,0,0,0,0,0,0,0,0,0,0,0,0,1,0,0,0,0,0,0,0,0,0,0,0,0,0,0,0,0,0,0,0,0,0,0,0,0,0,0,0,0,0,0,0,0,0,0,0,0,0,0,0,0,0,0,0,0,0,0,0,0,0,0,0,0,0,0,0,0,0,0,0,0,0,0,0,0,0,0,0,0,0,0,0,0,0,0,0,0,0,0,0,0,0,0,0,0,0,0,0,0,0,0,0,0,0,0,0,0,0,0,0,0,0,0,0,0,0,0,0,0
3581,OTHER,pm2,https://github.com/Unitech/pm2/commit/68f3a5d54fbaafc66215b4eed0bd80657df582d1,f6585be472a28033926c8470cdb5440b627b8f17,68f3a5d54fbaafc66215b4eed0bd80657df582d1,'\'ClassNA\'','\'MethodNA\'',cluster7,0.4,0,0,0,0,0,0,1,0,0,0,0,0,0,0,0,0,0,0,0,0,0,0,0,0,0,0,0,0,0,0,0,0,0,0,0,0,0,0,0,0,0,0,0,0,0,0,0,0,0,0,0,0,0,0,0,0,0,0,0,0,0,0,0,0,0,0,0,0,0,0,0,0,0,0,0,0,0,0,0,0,0,0,0,0,0,0,0,0,0,0,0,0,0,0,0,0,0,0,0,0,0,0,0,0,0,0,0,0,0,0,0,0,0,0,0,0,0,0,0,0,0,0,0,0,0,0,0,0,0,0,0,0,0,0,0,0,0,0,0,0,0,0,0,0,0,0,0,0,0,0,0,0
3713,OTHER,pm2,https://github.com/Unitech/pm2/commit/0ed5098d93baa189f5a180f8d5b966602b20b2db,6f76cac6f1725abc260ea08f108ca9f2e02f38fc,0ed5098d93baa189f5a180f8d5b966602b20b2db,'\'ClassNA\'','\'MethodNA\'',cluster14,1,0,0,0,0,0,1,0,0,0,0,0,0,0,0,0,0,0,0,0,0,0,0,0,0,0,0,0,0,0,0,0,0,0,0,0,0,0,0,0,0,0,0,0,0,0,1,0,0,0,0,0,0,0,0,0,0,0,0,0,0,0,0,0,0,0,0,0,0,0,0,0,0,0,0,0,0,0,0,0,0,0,0,0,0,0,0,0,0,0,0,0,0,0,0,0,0,0,0,0,0,0,0,0,0,0,0,0,0,0,0,0,0,0,0,0,0,0,0,0,0,0,0,0,0,0,0,0,0,0,0,0,0,0,0,0,0,0,0,0,0,0,0,0,0,0,0,0,0,0,0,0,0
3740,OTHER,pm2,https://github.com/Unitech/pm2/commit/307226070ef85a1e3f6c934839b6b99b8553d3ce,3f26ffc027ea8e98bfe5d97ced5fe640a6cb7123,307226070ef85a1e3f6c934839b6b99b8553d3ce,'\'ClassNA\'','\'MethodNA\'',cluster6,0.6,0,0,0,0,0,0,0,0,0,0,0,0,0,0,0,0,0,0,0,0,0,0,0,0,0,0,0,0,0,0,0,0,0,0,0,0,0,0,0,0,0,0,0,0,0,0,0,0,0,0,0,0,0,0,0,0,0,0,0,0,0,0,0,0,0,0,0,0,0,0,0,0,0,0,0,0,0,0,0,0,0,0,0,0,0,0,0,0,1,0,0,0,0,0,0,0,0,0,0,0,0,0,0,0,0,0,0,0,0,0,0,0,0,0,0,0,0,0,0,0,0,0,0,0,0,0,0,0,0,0,0,1,0,0,0,0,0,0,0,0,0,0,0,0,0,0,0,0,0,0,0,0
3775,OTHER,pm2,https://github.com/Unitech/pm2/commit/d664d7ecda1117a134f39e99da816e3ef997f123,47020c7d89aebf51cd43a5c674c5277d9c544bac,d664d7ecda1117a134f39e99da816e3ef997f123,'\'ClassNA\'','\'MethodNA\'',cluster2,0.2,0,0,0,0,0,1,0,0,0,0,0,0,0,0,0,0,0,0,0,0,0,0,0,0,0,0,0,0,0,0,0,0,0,0,0,0,0,0,0,0,0,0,0,0,0,0,1,0,0,0,0,0,0,0,0,0,0,0,0,0,0,0,0,0,0,0,0,0,0,0,0,0,0,0,0,0,0,0,0,0,0,0,0,0,0,0,0,0,0,0,0,0,0,0,0,0,0,0,0,0,0,0,0,0,0,0,0,0,0,0,0,0,0,0,0,0,0,0,0,0,0,0,0,0,0,0,0,0,0,0,0,0,0,0,0,0,0,0,0,0,0,0,0,0,0,0,0,0,0,0,0,0
3817,BUG_FIX,pm2,https://github.com/Unitech/pm2/commit/9eaeb0e3a5ce961fc08955a68d43f42c452f7f8f,562601aa2ce41f7b836aa60fb7455864b9f97bbb,9eaeb0e3a5ce961fc08955a68d43f42c452f7f8f,'\'ClassNA\'','\'MethodNA\'',cluster14,1.2,0,0,0,0,0,1,0,0,0,0,0,0,0,0,0,0,0,0,0,0,0,0,0,0,0,0,0,0,0,0,0,0,0,0,0,0,0,0,0,0,0,0,0,0,0,1,0,0,0,0,0,0,0,0,0,0,0,0,0,0,0,0,0,0,0,0,0,0,0,0,0,0,0,0,0,0,0,0,0,0,0,0,0,0,0,0,0,0,0,0,0,0,0,0,0,0,0,0,0,0,0,0,0,0,0,0,0,0,0,0,0,0,0,0,0,0,0,0,0,0,0,0,0,0,0,0,0,0,0,0,0,0,0,0,0,0,0,0,0,0,0,0,0,0,0,0,0,0,0,0,0,0
3868,OTHER,pm2,https://github.com/Unitech/pm2/commit/14590ec3f97c8056ae9b1ec1ca0cec48b6d50a37,294051a4abbfd2f77390f7c2286eaff827a9421c,14590ec3f97c8056ae9b1ec1ca0cec48b6d50a37,'\'ClassNA\'','\'MethodNA\'',cluster12,0.4,0,0,0,0,0,0,0,0,0,0,0,0,0,0,0,0,0,0,0,0,0,0,0,0,0,0,0,0,0,0,0,0,0,0,0,0,0,0,0,0,0,0,0,0,0,0,0,0,0,0,0,0,0,0,0,0,0,0,0,0,0,0,0,0,0,0,0,0,0,0,0,0,0,0,0,0,0,0,0,0,0,0,0,0,0,0,0,0,0,0,0,0,0,0,0,0,0,0,0,0,0,0,0,0,0,0,0,0,0,0,0,0,0,0,0,0,0,0,0,0,0,0,0,0,0,0,0,1,0,0,0,0,0,0,0,0,0,0,0,0,0,0,0,0,0,0,0,0,0,0,0,0
4012,BUG_FIX,pm2,https://github.com/Unitech/pm2/commit/33c90fd431d4ed93859dc9dc06ae4142630a4ad1,452b1ea6f2fd807d4c6accf09e1a0cfd44dfeb2c,33c90fd431d4ed93859dc9dc06ae4142630a4ad1,'\'ClassNA\'','\'MethodNA\'',cluster9,0.8,0,0,0,0,0,0,0,0,0,0,0,0,0,0,0,0,0,0,0,0,0,0,0,0,0,0,0,0,0,0,0,0,0,0,0,0,0,0,0,0,0,0,0,1,0,0,0,0,0,0,0,0,0,0,0,0,0,0,0,0,0,0,0,0,0,0,0,0,0,0,0,0,0,0,0,0,0,0,0,0,0,0,0,0,0,0,0,0,0,0,0,0,0,0,0,0,0,0,0,0,0,0,0,0,0,0,0,0,0,0,0,0,0,0,0,0,0,0,0,0,0,0,0,0,0,0,0,0,0,0,0,0,0,0,0,0,0,0,0,0,0,0,0,0,0,0,0,0,0,0,0,0
4055,OTHER,pm2,https://github.com/Unitech/pm2/commit/cbb5acacb966d313312533fe83345648564da92d,7b2f4979071dca6e93deefd4f63ead48f700c37e,cbb5acacb966d313312533fe83345648564da92d,'\'ClassNA\'','\'MethodNA\'',cluster3,0.4,0,0,0,0,0,1,0,0,0,0,0,0,0,0,0,0,0,0,0,0,0,0,0,0,0,0,0,0,0,0,0,0,0,0,0,0,0,0,0,0,0,0,0,0,0,0,0,0,0,0,0,0,0,0,0,0,0,0,0,0,0,0,0,0,0,0,0,0,0,0,0,0,0,0,0,0,0,0,0,0,0,0,0,0,0,0,0,0,0,0,0,0,0,0,0,0,0,0,0,0,0,0,0,0,0,0,0,0,0,0,0,0,0,0,0,0,0,0,0,0,0,0,0,0,0,0,0,0,0,0,0,0,0,0,0,0,0,0,0,0,0,0,0,0,0,0,0,0,0,0,0,0
4072,OTHER,pm2,https://github.com/Unitech/pm2/commit/3d67e50fca0d730223635903b2d76b99944dec69,6630b1536cbb1bd5cb9b0754bd222b3c2554977f,3d67e50fca0d730223635903b2d76b99944dec69,'\'ClassNA\'','\'MethodNA\'',cluster7,0.4,0,0,0,0,0,0,1,0,0,0,0,0,0,0,0,0,0,0,0,0,0,0,0,0,0,0,0,0,0,0,0,0,0,0,0,0,0,0,0,0,0,0,0,0,0,0,0,0,0,0,0,0,0,0,0,0,0,0,0,0,0,0,0,0,0,0,0,0,0,0,0,0,0,0,0,0,0,0,0,0,0,0,0,0,0,0,0,0,0,0,0,0,0,0,0,0,0,0,0,0,0,0,0,0,0,0,0,0,0,0,0,0,0,0,0,0,0,0,0,0,0,0,0,0,0,0,0,0,0,0,0,0,0,0,0,0,0,0,0,0,0,0,0,0,0,0,0,0,0,0,0,0
4073,OTHER,pm2,https://github.com/Unitech/pm2/commit/6630b1536cbb1bd5cb9b0754bd222b3c2554977f,ec02cd68968b72654ccc67216ad517deb0902431,6630b1536cbb1bd5cb9b0754bd222b3c2554977f,'\'ClassNA\'','\'MethodNA\'',cluster3,0.6,0,0,0,0,0,1,0,0,0,0,0,0,0,0,0,0,0,0,0,0,0,0,0,0,0,0,0,0,0,0,0,0,0,0,0,0,0,0,0,0,0,0,0,0,0,0,0,0,0,0,0,0,0,0,0,0,0,0,0,0,0,0,0,0,0,0,0,0,0,0,0,0,0,0,0,0,0,0,0,0,0,0,0,0,0,0,0,0,0,0,0,0,0,0,0,0,0,0,0,0,0,0,0,0,0,0,0,0,0,0,0,0,0,0,0,0,0,0,0,0,0,0,0,0,0,0,0,0,0,0,0,0,0,0,0,0,0,0,0,0,0,0,0,0,0,0,0,0,0,0,0,0
4197,OTHER,pm2,https://github.com/Unitech/pm2/commit/36f61fc0f025f03fb05017f35c15965e1b86ef56,b9f2570a19547c97a3449424bfd55323e8d82bcf,36f61fc0f025f03fb05017f35c15965e1b86ef56,'\'ClassNA\'','\'MethodNA\'',cluster13,0.2,0,0,0,0,0,0,0,0,0,0,0,0,0,0,0,0,0,0,0,0,0,0,0,0,0,0,0,0,0,0,0,0,0,0,0,0,0,0,0,0,0,0,0,0,0,0,0,0,0,0,0,0,0,0,0,0,0,0,0,1,0,0,0,0,0,0,0,0,0,0,0,1,0,0,0,0,0,0,0,0,0,0,0,0,0,0,0,0,0,0,0,0,0,0,0,0,0,0,0,0,0,0,0,0,0,0,0,0,0,0,0,0,0,0,0,0,0,0,0,0,0,0,0,0,0,0,0,0,0,0,0,0,0,0,0,0,0,0,0,0,0,0,0,0,0,0,0,0,0,0,0,0
4235,BUG_FIX,pm2,https://github.com/Unitech/pm2/commit/97186ff323d074f914a2ae03de072e8895bc596d,ba32abed8bd3b2dd4c2ca22c890d0c6cdcfa46f2,97186ff323d074f914a2ae03de072e8895bc596d,'\'ClassNA\'','\'MethodNA\'',cluster13,0.2,0,0,0,0,0,0,0,0,0,0,0,0,0,0,0,0,0,0,0,0,0,0,0,0,0,0,0,0,0,0,0,0,0,0,0,0,0,0,0,0,0,0,0,0,0,0,0,0,0,0,0,0,0,0,0,0,0,0,0,1,0,0,0,0,0,0,0,0,0,0,0,1,0,0,0,0,0,0,0,0,0,0,0,0,0,0,0,0,0,0,0,0,0,0,0,0,0,0,0,0,0,0,0,0,0,0,0,0,0,0,0,0,0,0,0,0,0,0,0,0,0,0,0,0,0,0,0,0,0,0,0,0,0,0,0,0,0,0,0,0,0,0,0,0,0,0,0,0,0,0,0,0
